step,S,I,R,F,ECI,modularity_q,gnn_loss,edges,transitions,edges_added,edges_removed,phase,belief_polarisation,opinion_homophily,belief_assortativity
0,3965,841,194,0,0.8324,0.8276,0.8162,26246,285,50,50,2,0.1903,0.629,0.2683
1,3721,925,354,0,0.8324,0.8276,0.6407,26246,244,0,0,2,0.2428,0.6089,0.2686
2,3489,1020,491,0,0.8328,0.8286,0.564,26246,232,50,50,2,0.291,0.5937,0.2715
3,3287,1120,593,0,0.8328,0.8286,0.4898,26246,202,0,0,2,0.3315,0.5886,0.2771
4,3122,1187,691,0,0.8335,0.8297,0.4368,26246,165,50,50,2,0.3658,0.5846,0.284
5,2963,1267,770,0,0.8335,0.8297,0.4218,26246,160,0,0,2,0.3975,0.5858,0.2953
6,2788,1335,877,0,0.8338,0.8305,0.4141,26246,175,50,50,2,0.434,0.5877,0.3088
7,2632,1398,970,0,0.8338,0.8305,0.4091,26246,157,0,0,2,0.4663,0.5908,0.3215
8,2501,1452,1047,0,0.8343,0.8315,0.4002,26246,132,50,50,2,0.4932,0.5954,0.3322
9,2366,1515,1119,0,0.8343,0.8315,0.4071,26246,135,0,0,2,0.5205,0.6041,0.3421
10,2250,1567,1183,0,0.8349,0.8328,0.3922,26246,116,50,50,2,0.5441,0.6146,0.3526
11,2127,1618,1255,0,0.8349,0.8328,0.3882,26246,124,0,0,2,0.5693,0.6236,0.3641
12,2039,1657,1304,0,0.8356,0.8341,0.3941,26246,91,50,50,2,0.5872,0.6337,0.3754
13,1961,1689,1350,0,0.8356,0.8341,0.3868,26246,79,0,0,2,0.6032,0.6415,0.3851
14,1891,1721,1388,0,0.8363,0.835,0.3868,26246,72,50,50,2,0.6174,0.6486,0.394
15,1821,1750,1429,0,0.8363,0.835,0.3907,26246,74,0,0,2,0.6317,0.6548,0.405
16,1755,1779,1466,0,0.8367,0.836,0.385,26246,68,50,50,2,0.6451,0.6627,0.4136
17,1705,1797,1498,0,0.8367,0.836,0.3876,26246,53,0,0,2,0.6554,0.6679,0.4206
18,1644,1822,1534,0,0.8377,0.8374,0.3834,26246,63,50,50,2,0.6679,0.6763,0.4284
19,1593,1835,1572,0,0.8377,0.8374,0.3804,26246,52,0,0,2,0.6786,0.682,0.4346
20,1547,1854,1599,0,0.8384,0.8386,0.382,26246,49,50,50,2,0.688,0.688,0.4407
21,1505,1873,1622,0,0.8384,0.8386,0.3743,26246,44,0,0,2,0.6965,0.691,0.4432
22,1463,1891,1646,0,0.8389,0.8395,0.3794,26246,44,50,50,2,0.705,0.6958,0.4508
23,1424,1908,1668,0,0.8389,0.8395,0.3788,26246,39,0,0,2,0.7129,0.6995,0.4531
24,1393,1918,1689,0,0.8397,0.8407,0.3779,26246,36,50,50,2,0.7193,0.7046,0.4614
25,1363,1927,1710,0,0.8397,0.8407,0.38,26246,31,0,0,2,0.7255,0.7081,0.4643
26,1333,1936,1731,0,0.8403,0.8417,0.3772,26246,32,50,50,2,0.7317,0.7121,0.4688
27,1304,1948,1748,0,0.8403,0.8417,0.3784,26246,31,0,0,2,0.7376,0.7138,0.4703
28,1280,1957,1763,0,0.8408,0.8427,0.3812,26246,28,50,50,2,0.7425,0.7191,0.4799
29,1261,1967,1772,0,0.8408,0.8427,0.3775,26246,20,0,0,2,0.7463,0.7232,0.4848
30,1246,1973,1781,0,0.8417,0.8439,0.3735,26246,16,50,50,2,0.7493,0.7249,0.4869
31,1227,1980,1793,0,0.8417,0.8439,0.3746,26246,20,0,0,2,0.7532,0.727,0.4892
32,1213,1983,1804,0,0.8426,0.8449,0.3765,26246,17,50,50,2,0.7561,0.73,0.4948
33,1197,1989,1814,0,0.8426,0.8449,0.3723,26246,16,0,0,2,0.7594,0.7312,0.4948
34,1185,1990,1825,0,0.8433,0.8457,0.3865,26246,15,50,50,2,0.7619,0.7344,0.5007
35,1178,1992,1830,0,0.8433,0.8457,0.3744,26246,8,0,0,2,0.7634,0.7361,0.5038
36,1166,1995,1839,0,0.8442,0.8467,0.3683,26246,15,50,50,2,0.7658,0.7402,0.5106
37,1154,2001,1845,0,0.8442,0.8467,0.3687,26246,13,0,0,2,0.7682,0.7411,0.5103
38,1141,2006,1853,0,0.845,0.8481,0.3735,26246,13,50,50,2,0.7709,0.7425,0.5112
39,1134,2007,1859,0,0.845,0.8481,0.3677,26246,10,0,0,2,0.7723,0.7446,0.5155
40,1125,2009,1866,0,0.846,0.8493,0.3698,26246,12,50,50,2,0.7742,0.7466,0.5209
41,1114,2010,1876,0,0.846,0.8493,0.3767,26246,13,0,0,2,0.7765,0.7472,0.5206
42,1106,2012,1882,0,0.8468,0.8502,0.3648,26246,11,50,50,2,0.7781,0.7498,0.525
43,1103,2012,1885,0,0.8468,0.8502,0.3673,26246,4,0,0,2,0.7788,0.7506,0.526
44,1098,2014,1888,0,0.848,0.8516,0.3715,26246,5,50,50,2,0.7798,0.7512,0.5267
45,1087,2016,1897,0,0.848,0.8516,0.3676,26246,14,0,0,2,0.782,0.7538,0.5293
46,1083,2016,1901,0,0.8488,0.8528,0.3818,26246,8,50,50,2,0.7829,0.7563,0.5365
47,1079,2016,1905,0,0.8488,0.8528,0.3713,26246,5,0,0,2,0.7837,0.7566,0.5374
48,1072,2020,1908,0,0.8496,0.8538,0.3685,26246,7,50,50,2,0.7851,0.7575,0.5386
49,1070,2022,1908,0,0.8496,0.8538,0.3693,26246,4,0,0,2,0.7855,0.7585,0.5408
50,1064,2020,1916,0,0.8504,0.8551,0.3698,26246,10,50,50,2,0.7868,0.7621,0.55
51,1060,2020,1920,0,0.8504,0.8551,0.3657,26246,6,0,0,2,0.7876,0.7622,0.5509
52,1052,2025,1923,0,0.851,0.8557,0.3663,26246,8,50,50,2,0.7892,0.7639,0.5525
53,1048,2024,1928,0,0.851,0.8557,0.3652,26246,6,0,0,2,0.79,0.7658,0.557
54,1038,2028,1934,0,0.8519,0.8568,0.3656,26246,14,50,50,2,0.792,0.7688,0.5638
55,1033,2026,1941,0,0.8519,0.8568,0.401,26246,10,0,0,2,0.7931,0.7717,0.5704
56,1032,2024,1944,0,0.8526,0.858,0.3677,26246,3,50,50,2,0.7933,0.7725,0.5731
57,1028,2024,1948,0,0.8526,0.858,0.3669,26246,6,0,0,2,0.7942,0.7739,0.5747
58,1025,2026,1949,0,0.8542,0.8592,0.363,26246,3,50,50,2,0.7948,0.7753,0.5769
59,1021,2027,1952,0,0.8542,0.8592,0.366,26246,6,0,0,2,0.7956,0.7768,0.5792
60,1018,2027,1955,0,0.8548,0.8602,0.3651,26246,6,50,50,2,0.7962,0.7787,0.5836
61,1016,2024,1960,0,0.8548,0.8602,0.3623,26246,6,0,0,2,0.7966,0.7809,0.5899
62,1014,2022,1964,0,0.856,0.861,0.3666,26246,4,50,50,2,0.7971,0.7831,0.5949
63,1011,2024,1965,0,0.856,0.861,0.3668,26246,6,0,0,2,0.7977,0.7843,0.5968
64,1006,2027,1967,0,0.8567,0.8619,0.3662,26246,6,50,50,2,0.7987,0.7867,0.5999
65,999,2032,1969,0,0.8567,0.8619,0.368,26246,9,0,0,2,0.8,0.7878,0.6006
66,998,2031,1971,0,0.8577,0.8629,0.3657,26246,3,50,50,2,0.8003,0.7896,0.6042
67,997,2031,1972,0,0.8577,0.8629,0.361,26246,5,0,0,2,0.8005,0.7901,0.6054
68,996,2028,1976,0,0.8583,0.8638,0.3615,26246,4,50,50,2,0.8007,0.7917,0.6093
69,994,2027,1979,0,0.8583,0.8638,0.3637,26246,5,0,0,2,0.8011,0.7927,0.6125
70,994,2026,1980,0,0.859,0.8647,0.3651,26246,1,50,50,2,0.8011,0.7933,0.6141
71,993,2027,1980,0,0.859,0.8647,0.3652,26246,3,0,0,2,0.8013,0.794,0.616
72,993,2028,1979,0,0.8604,0.8659,0.3631,26246,3,50,50,2,0.8013,0.7956,0.6196
73,992,2028,1980,0,0.8604,0.8659,0.366,26246,1,0,0,2,0.8015,0.7956,0.6197
74,990,2030,1980,0,0.8614,0.8669,0.3652,26246,2,50,50,2,0.8019,0.7968,0.6219
75,990,2030,1980,0,0.8614,0.8669,0.3597,26246,0,0,0,2,0.8019,0.7968,0.6219
76,989,2031,1980,0,0.8624,0.8677,0.3602,26246,5,50,50,2,0.8021,0.7996,0.6287
77,989,2030,1981,0,0.8624,0.8677,0.3706,26246,1,0,0,2,0.8021,0.8,0.6301
78,988,2030,1982,0,0.8632,0.8683,0.3621,26246,2,50,50,2,0.8023,0.8008,0.6318
79,988,2030,1982,0,0.8632,0.8683,0.3626,26246,0,0,0,2,0.8023,0.8008,0.6318
80,988,2029,1983,0,0.864,0.8693,0.3645,26246,1,50,50,2,0.8023,0.802,0.6341
81,987,2029,1984,0,0.864,0.8693,0.3592,26246,2,0,0,2,0.8025,0.8027,0.6357
82,986,2030,1984,0,0.865,0.8699,0.3581,26246,1,50,50,2,0.8027,0.804,0.638
83,985,2032,1983,0,0.865,0.8699,0.3601,26246,2,0,0,2,0.8029,0.8043,0.6385
84,985,2032,1983,0,0.8654,0.8699,0.3616,26246,0,50,50,2,0.8029,0.8046,0.639
85,985,2032,1983,0,0.8654,0.8699,0.3645,26246,0,0,0,2,0.8029,0.8046,0.639
86,985,2033,1982,0,0.8668,0.8709,0.3606,26246,1,50,50,2,0.8029,0.8058,0.6412
87,985,2033,1982,0,0.8668,0.8709,0.3598,26246,0,0,0,2,0.8029,0.8058,0.6412
88,983,2034,1983,0,0.8679,0.872,0.3623,26246,2,50,50,2,0.8033,0.8069,0.6436
89,982,2033,1985,0,0.8679,0.872,0.3604,26246,2,0,0,2,0.8035,0.8076,0.6455
90,982,2032,1986,0,0.8692,0.8729,0.3593,26246,1,50,50,2,0.8035,0.8093,0.6493
91,982,2032,1986,0,0.8692,0.8729,0.3641,26246,0,0,0,2,0.8035,0.8093,0.6493
92,982,2030,1988,0,0.8709,0.8741,0.3625,26246,2,50,50,2,0.8035,0.8112,0.6535
93,982,2030,1988,0,0.8709,0.8741,0.3636,26246,0,0,0,2,0.8035,0.8112,0.6535
94,980,2032,1988,0,0.8717,0.8748,0.3643,26246,2,50,50,2,0.8039,0.8118,0.6543
95,979,2032,1989,0,0.8717,0.8748,0.3588,26246,1,0,0,2,0.8041,0.8119,0.6544
96,978,2033,1989,0,0.8726,0.876,0.3613,26246,1,50,50,2,0.8043,0.8123,0.6554
97,978,2033,1989,0,0.8726,0.876,0.359,26246,0,0,0,2,0.8043,0.8123,0.6554
98,978,2033,1989,0,0.8741,0.8769,0.3572,26246,0,50,50,2,0.8043,0.8135,0.6575
99,978,2032,1990,0,0.8741,0.8769,0.36,26246,1,0,0,2,0.8043,0.814,0.6586
100,977,2032,1991,0,0.8751,0.8772,0.3633,26246,1,50,50,3_control,0.8045,0.8152,0.661
101,977,2031,1992,0,0.8751,0.8772,0.3579,26246,1,0,0,3_control,0.8045,0.8153,0.6614
102,977,2031,1992,0,0.8755,0.8775,0.3584,26246,0,50,50,3_control,0.8045,0.8161,0.6631
103,976,2029,1995,0,0.8755,0.8775,0.354,26246,3,0,0,3_control,0.8048,0.8161,0.6638
104,976,2029,1995,0,0.8762,0.8778,0.3562,26246,0,50,50,3_control,0.8048,0.8169,0.6654
105,976,2030,1994,0,0.8762,0.8778,0.3583,26246,1,0,0,3_control,0.8047,0.8169,0.6655
106,976,2028,1996,0,0.8773,0.8787,0.3609,26246,4,50,50,3_control,0.8048,0.8192,0.6709
107,976,2028,1996,0,0.8773,0.8787,0.3548,26246,0,0,0,3_control,0.8048,0.8192,0.6709
108,976,2028,1996,0,0.8781,0.8797,0.3552,26246,0,50,50,3_control,0.8048,0.8197,0.6717
109,976,2028,1996,0,0.8781,0.8797,0.3615,26246,0,0,0,3_control,0.8048,0.8197,0.6717
110,976,2028,1996,0,0.8792,0.8802,0.3585,26246,0,50,50,3_control,0.8048,0.8208,0.6739
111,976,2028,1996,0,0.8792,0.8802,0.3664,26246,0,0,0,3_control,0.8048,0.8208,0.6739
112,976,2028,1996,0,0.88,0.8807,0.3618,26246,0,50,50,3_control,0.8048,0.8218,0.6758
113,976,2027,1997,0,0.88,0.8807,0.3602,26246,1,0,0,3_control,0.8048,0.8223,0.6774
114,976,2027,1997,0,0.8814,0.8813,0.3579,26246,0,50,50,3_control,0.8048,0.8235,0.6792
115,975,2026,1999,0,0.8814,0.8813,0.3546,26246,2,0,0,3_control,0.805,0.824,0.6802
116,975,2026,1999,0,0.8822,0.882,0.3569,26246,0,50,50,3_control,0.805,0.825,0.682
117,975,2025,2000,0,0.8822,0.882,0.3588,26246,1,0,0,3_control,0.805,0.8251,0.6822
118,975,2025,2000,0,0.8831,0.8827,0.3579,26246,0,50,50,3_control,0.805,0.8258,0.6832
119,975,2025,2000,0,0.8831,0.8827,0.3553,26246,0,0,0,3_control,0.805,0.8258,0.6832
120,975,2025,2000,0,0.8836,0.8829,0.3588,26246,0,50,50,3_control,0.805,0.8266,0.6847
121,975,2024,2001,0,0.8836,0.8829,0.3565,26246,1,0,0,3_control,0.805,0.8273,0.6865
122,975,2024,2001,0,0.8841,0.8831,0.3529,26246,0,50,50,3_control,0.805,0.8279,0.6876
123,975,2024,2001,0,0.8841,0.8831,0.354,26246,0,0,0,3_control,0.805,0.8279,0.6876
124,975,2024,2001,0,0.8847,0.8832,0.3597,26246,0,50,50,3_control,0.805,0.8285,0.6887
125,975,2023,2002,0,0.8847,0.8832,0.355,26246,1,0,0,3_control,0.805,0.8289,0.6897
126,974,2024,2002,0,0.8849,0.8833,0.3577,26246,1,50,50,3_control,0.8052,0.8295,0.6904
127,974,2024,2002,0,0.8849,0.8833,0.3576,26246,0,0,0,3_control,0.8052,0.8295,0.6904
128,974,2024,2002,0,0.8858,0.8835,0.3588,26246,0,50,50,3_control,0.8052,0.8306,0.6922
129,974,2024,2002,0,0.8858,0.8835,0.3643,26246,0,0,0,3_control,0.8052,0.8306,0.6922
